{
    "b1min": -0.41,
    "width": 0.82,
    "b1max": 0.41,
    "b2min": 1.2,
    "height": 0.7400726771061263,
    "b2max": 1.9400726771061263
}