{
    "h": 0.72000000,
    "Omega_m": 0.257330000,
    "Omega_b": 0.043557099,
    "Omega_r": 0.000080763,
    "Omega_k": 0.0,
    "Omega_DE": 0.742589237,
    "w": -1.0000000,
    "n_s": 0.96300000,
    "sigma8": 0.80100775
}