{
    "h": 0.72,
    "Omega_m": 0.257,
    "Omega_b": 0.0436,
    "Omega_DE": 0.7429194200190258,
    "Omega_r": 8.057998097421581e-05,
    "Omega_k": 0.0,
    "n_s": 0.96,
    "sigma8": 0.75
}