{
    "h": 0.6931999999999999,
    "Omega_m": 0.2865,
    "Omega_b": 0.04628,
    "Omega_DE": 0.7134130689259821,
    "Omega_r": 8.693107401791522e-05,
    "Omega_k": 0.0,
    "n_s": 0.9608,
    "sigma8": 0.82
}