{
    "h": 0.7040000000000001,
    "Omega_m": 0.272,
    "Omega_b": 0.0455,
    "Omega_DE": 0.7279157156707268,
    "Omega_r": 8.428432927320983e-05,
    "Omega_k": 0.0,
    "n_s": 0.967,
    "sigma8": 0.81
}