{
    "h": 0.701,
    "Omega_m": 0.276,
    "Omega_b": 0.0454,
    "Omega_DE": 0.7239149927205336,
    "Omega_r": 8.500727946636477e-05,
    "Omega_k": 0.0,
    "n_s": 0.946,
    "sigma8": 0.784
}