{
    "h": 0.7020000000000001,
    "Omega_m": 0.277,
    "Omega_b": 0.0459,
    "Omega_DE": 0.7229152347340179,
    "Omega_r": 8.476526598211187e-05,
    "Omega_k": 0.0,
    "n_s": 0.962,
    "sigma8": 0.817
}